,start,end,coef,vector,dataset,predicted,time_per_sample,opt,machine
114,10341808,10367732,UNIQUE,ZEROS,breast,"0
",25924,UNIQUE_ZEROS,Arduino
115,10590368,10617292,UNIQUE,ZEROS,breast,"0
",26924,UNIQUE_ZEROS,Arduino
116,10811888,10838660,UNIQUE,ZEROS,breast,"1
",26772,UNIQUE_ZEROS,Arduino
117,11067728,11093784,UNIQUE,ZEROS,breast,"1
",26056,UNIQUE_ZEROS,Arduino
118,11327728,11353932,UNIQUE,ZEROS,breast,"1
",26204,UNIQUE_ZEROS,Arduino
119,11575248,11601612,UNIQUE,ZEROS,breast,"0
",26364,UNIQUE_ZEROS,Arduino
120,11808208,11834576,UNIQUE,ZEROS,breast,"0
",26368,UNIQUE_ZEROS,Arduino
121,12077568,12103984,UNIQUE,ZEROS,breast,"0
",26416,UNIQUE_ZEROS,Arduino
122,12321968,12348812,UNIQUE,ZEROS,breast,"0
",26844,UNIQUE_ZEROS,Arduino
123,12565328,12592400,UNIQUE,ZEROS,breast,"1
",27072,UNIQUE_ZEROS,Arduino
124,12803488,12830640,UNIQUE,ZEROS,breast,"1
",27152,UNIQUE_ZEROS,Arduino
125,13045808,13072512,UNIQUE,ZEROS,breast,"0
",26704,UNIQUE_ZEROS,Arduino
126,13295408,13321672,UNIQUE,ZEROS,breast,"0
",26264,UNIQUE_ZEROS,Arduino
127,13536688,13562436,UNIQUE,ZEROS,breast,"1
",25748,UNIQUE_ZEROS,Arduino
128,13762368,13788596,UNIQUE,ZEROS,breast,"0
",26228,UNIQUE_ZEROS,Arduino
129,14022368,14048540,UNIQUE,ZEROS,breast,"1
",26172,UNIQUE_ZEROS,Arduino
130,14249088,14276092,UNIQUE,ZEROS,breast,"0
",27004,UNIQUE_ZEROS,Arduino
131,14485168,14512216,UNIQUE,ZEROS,breast,"1
",27048,UNIQUE_ZEROS,Arduino
132,14745168,14772100,UNIQUE,ZEROS,breast,"0
",26932,UNIQUE_ZEROS,Arduino
133,14983328,15009736,UNIQUE,ZEROS,breast,"0
",26408,UNIQUE_ZEROS,Arduino
134,15235008,15261220,UNIQUE,ZEROS,breast,"0
",26212,UNIQUE_ZEROS,Arduino
135,15471088,15496816,UNIQUE,ZEROS,breast,"1
",25728,UNIQUE_ZEROS,Arduino
136,15709248,15735768,UNIQUE,ZEROS,breast,"0
",26520,UNIQUE_ZEROS,Arduino
137,15953648,15979680,UNIQUE,ZEROS,breast,"0
",26032,UNIQUE_ZEROS,Arduino
138,16189728,16215132,UNIQUE,ZEROS,breast,"0
",25404,UNIQUE_ZEROS,Arduino
139,16420608,16447772,UNIQUE,ZEROS,breast,"1
",27164,UNIQUE_ZEROS,Arduino
140,16646288,16673004,UNIQUE,ZEROS,breast,"0
",26716,UNIQUE_ZEROS,Arduino
141,16894848,16921212,UNIQUE,ZEROS,breast,"1
",26364,UNIQUE_ZEROS,Arduino
142,17120528,17147092,UNIQUE,ZEROS,breast,"0
",26564,UNIQUE_ZEROS,Arduino
143,17339968,17366928,UNIQUE,ZEROS,breast,"1
",26960,UNIQUE_ZEROS,Arduino
144,17566688,17591916,UNIQUE,ZEROS,breast,"1
",25228,UNIQUE_ZEROS,Arduino
145,17798608,17824056,UNIQUE,ZEROS,breast,"1
",25448,UNIQUE_ZEROS,Arduino
146,18038848,18065204,UNIQUE,ZEROS,breast,"0
",26356,UNIQUE_ZEROS,Arduino
147,18273888,18300392,UNIQUE,ZEROS,breast,"0
",26504,UNIQUE_ZEROS,Arduino
148,18514132,18540180,UNIQUE,ZEROS,breast,"0
",26048,UNIQUE_ZEROS,Arduino
149,18763728,18791032,UNIQUE,ZEROS,breast,"1
",27304,UNIQUE_ZEROS,Arduino
150,19019568,19045504,UNIQUE,ZEROS,breast,"1
",25936,UNIQUE_ZEROS,Arduino
151,19256688,19282816,UNIQUE,ZEROS,breast,"1
",26128,UNIQUE_ZEROS,Arduino
152,19513568,19538980,UNIQUE,ZEROS,breast,"0
",25412,UNIQUE_ZEROS,Arduino
153,19742368,19768256,UNIQUE,ZEROS,breast,"1
",25888,UNIQUE_ZEROS,Arduino
154,19989888,20015540,UNIQUE,ZEROS,breast,"1
",25652,UNIQUE_ZEROS,Arduino
155,20224928,20251044,UNIQUE,ZEROS,breast,"1
",26116,UNIQUE_ZEROS,Arduino
156,20491168,20517328,UNIQUE,ZEROS,breast,"0
",26160,UNIQUE_ZEROS,Arduino
157,20756368,20782760,UNIQUE,ZEROS,breast,"0
",26392,UNIQUE_ZEROS,Arduino
158,20989328,21015956,UNIQUE,ZEROS,breast,"1
",26628,UNIQUE_ZEROS,Arduino
159,21235808,21262888,UNIQUE,ZEROS,breast,"0
",27080,UNIQUE_ZEROS,Arduino
160,21483328,21509612,UNIQUE,ZEROS,breast,"0
",26284,UNIQUE_ZEROS,Arduino
161,21716288,21742816,UNIQUE,ZEROS,breast,"1
",26528,UNIQUE_ZEROS,Arduino
162,21965888,21993404,UNIQUE,ZEROS,breast,"1
",27516,UNIQUE_ZEROS,Arduino
163,22236288,22263124,UNIQUE,ZEROS,breast,"1
",26836,UNIQUE_ZEROS,Arduino
164,22487968,22515164,UNIQUE,ZEROS,breast,"1
",27196,UNIQUE_ZEROS,Arduino
165,22730288,22756696,UNIQUE,ZEROS,breast,"1
",26408,UNIQUE_ZEROS,Arduino
166,22976768,23003224,UNIQUE,ZEROS,breast,"0
",26456,UNIQUE_ZEROS,Arduino
167,23229488,23256344,UNIQUE,ZEROS,breast,"1
",26856,UNIQUE_ZEROS,Arduino
168,23469728,23496836,UNIQUE,ZEROS,breast,"0
",27108,UNIQUE_ZEROS,Arduino
169,23709968,23736364,UNIQUE,ZEROS,breast,"0
",26396,UNIQUE_ZEROS,Arduino
170,23938768,23965040,UNIQUE,ZEROS,breast,"1
",26272,UNIQUE_ZEROS,Arduino
171,24190448,24217532,UNIQUE,ZEROS,breast,"1
",27084,UNIQUE_ZEROS,Arduino
172,24430688,24456292,UNIQUE,ZEROS,breast,"1
",25604,UNIQUE_ZEROS,Arduino
173,24668848,24695556,UNIQUE,ZEROS,breast,"1
",26708,UNIQUE_ZEROS,Arduino
174,24916368,24942780,UNIQUE,ZEROS,breast,"1
",26412,UNIQUE_ZEROS,Arduino
175,25179488,25205812,UNIQUE,ZEROS,breast,"1
",26324,UNIQUE_ZEROS,Arduino
176,25445728,25472860,UNIQUE,ZEROS,breast,"1
",27132,UNIQUE_ZEROS,Arduino
177,25709888,25735488,UNIQUE,ZEROS,breast,"0
",25600,UNIQUE_ZEROS,Arduino
178,25951168,25977636,UNIQUE,ZEROS,breast,"0
",26468,UNIQUE_ZEROS,Arduino
179,26186208,26213004,UNIQUE,ZEROS,breast,"1
",26796,UNIQUE_ZEROS,Arduino
180,26407728,26434068,UNIQUE,ZEROS,breast,"0
",26340,UNIQUE_ZEROS,Arduino
181,26645888,26672764,UNIQUE,ZEROS,breast,"0
",26876,UNIQUE_ZEROS,Arduino
182,26901728,26927196,UNIQUE,ZEROS,breast,"1
",25468,UNIQUE_ZEROS,Arduino
183,27156528,27182284,UNIQUE,ZEROS,breast,"1
",25756,UNIQUE_ZEROS,Arduino
184,27397808,27423904,UNIQUE,ZEROS,breast,"1
",26096,UNIQUE_ZEROS,Arduino
185,27651568,27678112,UNIQUE,ZEROS,breast,"0
",26544,UNIQUE_ZEROS,Arduino
186,27883488,27909512,UNIQUE,ZEROS,breast,"1
",26024,UNIQUE_ZEROS,Arduino
187,28122688,28148952,UNIQUE,ZEROS,breast,"0
",26264,UNIQUE_ZEROS,Arduino
188,28369168,28395932,UNIQUE,ZEROS,breast,"1
",26764,UNIQUE_ZEROS,Arduino
189,28603168,28629260,UNIQUE,ZEROS,breast,"0
",26092,UNIQUE_ZEROS,Arduino
190,28853808,28879952,UNIQUE,ZEROS,breast,"1
",26144,UNIQUE_ZEROS,Arduino
191,29099248,29124844,UNIQUE,ZEROS,breast,"0
",25596,UNIQUE_ZEROS,Arduino
192,29357172,29382864,UNIQUE,ZEROS,breast,"1
",25692,UNIQUE_ZEROS,Arduino
193,29601568,29628732,UNIQUE,ZEROS,breast,"1
",27164,UNIQUE_ZEROS,Arduino
194,29860528,29886588,UNIQUE,ZEROS,breast,"0
",26060,UNIQUE_ZEROS,Arduino
195,30096608,30121996,UNIQUE,ZEROS,breast,"1
",25388,UNIQUE_ZEROS,Arduino
196,30329568,30356364,UNIQUE,ZEROS,breast,"0
",26796,UNIQUE_ZEROS,Arduino
197,30569808,30596112,UNIQUE,ZEROS,breast,"0
",26304,UNIQUE_ZEROS,Arduino
198,30811088,30837304,UNIQUE,ZEROS,breast,"1
",26216,UNIQUE_ZEROS,Arduino
199,31052368,31078864,UNIQUE,ZEROS,breast,"1
",26496,UNIQUE_ZEROS,Arduino
200,31284288,31311032,UNIQUE,ZEROS,breast,"1
",26744,UNIQUE_ZEROS,Arduino
201,31546376,31572908,UNIQUE,ZEROS,breast,"0
",26532,UNIQUE_ZEROS,Arduino
202,31772048,31796236,UNIQUE,ZEROS,breast,"1
",24188,UNIQUE_ZEROS,Arduino
203,32024768,32050392,UNIQUE,ZEROS,breast,"1
",25624,UNIQUE_ZEROS,Arduino
204,32271248,32297264,UNIQUE,ZEROS,breast,"0
",26016,UNIQUE_ZEROS,Arduino
205,32510448,32537052,UNIQUE,ZEROS,breast,"1
",26604,UNIQUE_ZEROS,Arduino
206,32765248,32791648,UNIQUE,ZEROS,breast,"0
",26400,UNIQUE_ZEROS,Arduino
207,32993008,33019716,UNIQUE,ZEROS,breast,"0
",26708,UNIQUE_ZEROS,Arduino
208,33248848,33275016,UNIQUE,ZEROS,breast,"1
",26168,UNIQUE_ZEROS,Arduino
209,33508848,33534940,UNIQUE,ZEROS,breast,"0
",26092,UNIQUE_ZEROS,Arduino
210,33761568,33787276,UNIQUE,ZEROS,breast,"1
",25708,UNIQUE_ZEROS,Arduino
211,33990368,34017248,UNIQUE,ZEROS,breast,"1
",26880,UNIQUE_ZEROS,Arduino
212,34219168,34245612,UNIQUE,ZEROS,breast,"0
",26444,UNIQUE_ZEROS,Arduino
213,34464608,34491096,UNIQUE,ZEROS,breast,"1
",26488,UNIQUE_ZEROS,Arduino
214,34709008,34734820,UNIQUE,ZEROS,breast,"1
",25812,UNIQUE_ZEROS,Arduino
215,34971088,34996620,UNIQUE,ZEROS,breast,"0
",25532,UNIQUE_ZEROS,Arduino
216,35215488,35242468,UNIQUE,ZEROS,breast,"1
",26980,UNIQUE_ZEROS,Arduino
217,35448448,35475048,UNIQUE,ZEROS,breast,"1
",26600,UNIQUE_ZEROS,Arduino
218,35698048,35725412,UNIQUE,ZEROS,breast,"0
",27364,UNIQUE_ZEROS,Arduino
219,35934128,35960844,UNIQUE,ZEROS,breast,"0
",26716,UNIQUE_ZEROS,Arduino
220,36171248,36196844,UNIQUE,ZEROS,breast,"0
",25596,UNIQUE_ZEROS,Arduino
221,36417728,36444528,UNIQUE,ZEROS,breast,"0
",26800,UNIQUE_ZEROS,Arduino
222,36663168,36689512,UNIQUE,ZEROS,breast,"1
",26344,UNIQUE_ZEROS,Arduino
223,36909648,36935456,UNIQUE,ZEROS,breast,"1
",25808,UNIQUE_ZEROS,Arduino
224,37161328,37187360,UNIQUE,ZEROS,breast,"1
",26032,UNIQUE_ZEROS,Arduino
225,37398448,37425248,UNIQUE,ZEROS,breast,"1
",26800,UNIQUE_ZEROS,Arduino
226,37640768,37666224,UNIQUE,ZEROS,breast,"0
",25456,UNIQUE_ZEROS,Arduino
227,37892448,37919196,UNIQUE,ZEROS,breast,"1
",26748,UNIQUE_ZEROS,Arduino
342,10339924,10364468,NONE,NONE,breast,"0
",24544,NONE_NONE,Arduino
343,10596804,10622752,NONE,NONE,breast,"1
",25948,NONE_NONE,Arduino
344,10825604,10849500,NONE,NONE,breast,"0
",23896,NONE_NONE,Arduino
345,11063764,11089084,NONE,NONE,breast,"1
",25320,NONE_NONE,Arduino
346,11324804,11349440,NONE,NONE,breast,"1
",24636,NONE_NONE,Arduino
347,11571284,11597360,NONE,NONE,breast,"0
",26076,NONE_NONE,Arduino
348,11821924,11846520,NONE,NONE,breast,"0
",24596,NONE_NONE,Arduino
349,12064244,12089040,NONE,NONE,breast,"1
",24796,NONE_NONE,Arduino
350,12285764,12310444,NONE,NONE,breast,"0
",24680,NONE_NONE,Arduino
351,12514564,12538996,NONE,NONE,breast,"1
",24432,NONE_NONE,Arduino
352,12756884,12782948,NONE,NONE,breast,"1
",26064,NONE_NONE,Arduino
353,12992964,13018368,NONE,NONE,breast,"1
",25404,NONE_NONE,Arduino
354,13236324,13260456,NONE,NONE,breast,"1
",24132,NONE_NONE,Arduino
355,13471364,13497420,NONE,NONE,breast,"0
",26056,NONE_NONE,Arduino
356,13710564,13735288,NONE,NONE,breast,"0
",24724,NONE_NONE,Arduino
357,13939364,13963756,NONE,NONE,breast,"1
",24392,NONE_NONE,Arduino
358,14178564,14204804,NONE,NONE,breast,"1
",26240,NONE_NONE,Arduino
359,14452084,14477956,NONE,NONE,breast,"1
",25872,NONE_NONE,Arduino
360,14694408,14719004,NONE,NONE,breast,"0
",24596,NONE_NONE,Arduino
361,14945044,14969716,NONE,NONE,breast,"0
",24672,NONE_NONE,Arduino
362,15176968,15201800,NONE,NONE,breast,"1
",24832,NONE_NONE,Arduino
363,15413044,15437568,NONE,NONE,breast,"0
",24524,NONE_NONE,Arduino
364,15641844,15667372,NONE,NONE,breast,"1
",25528,NONE_NONE,Arduino
365,15885204,15909916,NONE,NONE,breast,"0
",24712,NONE_NONE,Arduino
366,16130644,16156152,NONE,NONE,breast,"1
",25508,NONE_NONE,Arduino
367,16367764,16392208,NONE,NONE,breast,"1
",24444,NONE_NONE,Arduino
368,16602804,16627412,NONE,NONE,breast,"0
",24608,NONE_NONE,Arduino
369,16839924,16865848,NONE,NONE,breast,"0
",25924,NONE_NONE,Arduino
370,17085364,17110300,NONE,NONE,breast,"1
",24936,NONE_NONE,Arduino
371,17325604,17349384,NONE,NONE,breast,"0
",23780,NONE_NONE,Arduino
372,17582484,17608152,NONE,NONE,breast,"0
",25668,NONE_NONE,Arduino
373,17818564,17843152,NONE,NONE,breast,"1
",24588,NONE_NONE,Arduino
374,18061924,18086508,NONE,NONE,breast,"0
",24584,NONE_NONE,Arduino
375,18291764,18316072,NONE,NONE,breast,"1
",24308,NONE_NONE,Arduino
376,18542404,18567336,NONE,NONE,breast,"0
",24932,NONE_NONE,Arduino
377,18784724,18809760,NONE,NONE,breast,"1
",25036,NONE_NONE,Arduino
378,19031204,19056348,NONE,NONE,breast,"0
",25144,NONE_NONE,Arduino
379,19256884,19281564,NONE,NONE,breast,"1
",24680,NONE_NONE,Arduino
380,19495044,19520128,NONE,NONE,breast,"0
",25084,NONE_NONE,Arduino
381,19732164,19756860,NONE,NONE,breast,"1
",24696,NONE_NONE,Arduino
382,19973444,19999412,NONE,NONE,breast,"1
",25968,NONE_NONE,Arduino
383,20216804,20242560,NONE,NONE,breast,"0
",25756,NONE_NONE,Arduino
384,20458084,20482624,NONE,NONE,breast,"0
",24540,NONE_NONE,Arduino
385,20692084,20716572,NONE,NONE,breast,"0
",24488,NONE_NONE,Arduino
386,20935444,20959548,NONE,NONE,breast,"1
",24104,NONE_NONE,Arduino
387,21187124,21212140,NONE,NONE,breast,"0
",25016,NONE_NONE,Arduino
388,21429444,21453676,NONE,NONE,breast,"0
",24232,NONE_NONE,Arduino
389,21673844,21698524,NONE,NONE,breast,"0
",24680,NONE_NONE,Arduino
390,21908884,21934420,NONE,NONE,breast,"0
",25536,NONE_NONE,Arduino
391,22164724,22189556,NONE,NONE,breast,"0
",24832,NONE_NONE,Arduino
392,22408084,22433004,NONE,NONE,breast,"1
",24920,NONE_NONE,Arduino
393,22658724,22683920,NONE,NONE,breast,"1
",25196,NONE_NONE,Arduino
394,22902084,22926792,NONE,NONE,breast,"0
",24708,NONE_NONE,Arduino
395,23148564,23172656,NONE,NONE,breast,"1
",24092,NONE_NONE,Arduino
396,23391924,23416664,NONE,NONE,breast,"0
",24740,NONE_NONE,Arduino
397,23642564,23666384,NONE,NONE,breast,"0
",23820,NONE_NONE,Arduino
398,23890084,23914416,NONE,NONE,breast,"0
",24332,NONE_NONE,Arduino
399,24140724,24166344,NONE,NONE,breast,"1
",25620,NONE_NONE,Arduino
400,24389284,24414416,NONE,NONE,breast,"0
",25132,NONE_NONE,Arduino
401,24642004,24666420,NONE,NONE,breast,"0
",24416,NONE_NONE,Arduino
402,24902004,24926368,NONE,NONE,breast,"0
",24364,NONE_NONE,Arduino
403,25126644,25152652,NONE,NONE,breast,"0
",26008,NONE_NONE,Arduino
404,25377284,25402184,NONE,NONE,breast,"1
",24900,NONE_NONE,Arduino
405,25614404,25639132,NONE,NONE,breast,"1
",24728,NONE_NONE,Arduino
406,25856724,25881336,NONE,NONE,breast,"0
",24612,NONE_NONE,Arduino
407,26111524,26136204,NONE,NONE,breast,"0
",24680,NONE_NONE,Arduino
408,26355924,26381524,NONE,NONE,breast,"1
",25600,NONE_NONE,Arduino
409,26595124,26619228,NONE,NONE,breast,"1
",24104,NONE_NONE,Arduino
410,26847844,26872356,NONE,NONE,breast,"1
",24512,NONE_NONE,Arduino
411,27091204,27115872,NONE,NONE,breast,"1
",24668,NONE_NONE,Arduino
412,27325204,27350004,NONE,NONE,breast,"1
",24800,NONE_NONE,Arduino
413,27569604,27595328,NONE,NONE,breast,"1
",25724,NONE_NONE,Arduino
414,27800484,27825632,NONE,NONE,breast,"0
",25148,NONE_NONE,Arduino
415,28042804,28067948,NONE,NONE,breast,"0
",25144,NONE_NONE,Arduino
416,28286164,28311536,NONE,NONE,breast,"1
",25372,NONE_NONE,Arduino
417,28537844,28562768,NONE,NONE,breast,"0
",24924,NONE_NONE,Arduino
418,28786404,28811184,NONE,NONE,breast,"1
",24780,NONE_NONE,Arduino
419,29037044,29061392,NONE,NONE,breast,"0
",24348,NONE_NONE,Arduino
420,29311604,29335724,NONE,NONE,breast,"1
",24120,NONE_NONE,Arduino
421,29568484,29593740,NONE,NONE,breast,"1
",25256,NONE_NONE,Arduino
422,29827444,29852608,NONE,NONE,breast,"0
",25164,NONE_NONE,Arduino
423,30055204,30080948,NONE,NONE,breast,"1
",25744,NONE_NONE,Arduino
424,30295444,30320296,NONE,NONE,breast,"0
",24852,NONE_NONE,Arduino
425,30537764,30562360,NONE,NONE,breast,"1
",24596,NONE_NONE,Arduino
426,30790484,30815212,NONE,NONE,breast,"1
",24728,NONE_NONE,Arduino
427,31030724,31055256,NONE,NONE,breast,"0
",24532,NONE_NONE,Arduino
428,31269924,31295632,NONE,NONE,breast,"1
",25708,NONE_NONE,Arduino
429,31490404,31515332,NONE,NONE,breast,"1
",24928,NONE_NONE,Arduino
430,31729604,31753608,NONE,NONE,breast,"0
",24004,NONE_NONE,Arduino
431,31960484,31985136,NONE,NONE,breast,"1
",24652,NONE_NONE,Arduino
432,32197604,32223164,NONE,NONE,breast,"1
",25560,NONE_NONE,Arduino
433,32436804,32461700,NONE,NONE,breast,"1
",24896,NONE_NONE,Arduino
434,32682244,32707072,NONE,NONE,breast,"0
",24828,NONE_NONE,Arduino
435,32918324,32943380,NONE,NONE,breast,"0
",25056,NONE_NONE,Arduino
436,33141924,33166844,NONE,NONE,breast,"1
",24920,NONE_NONE,Arduino
437,33385284,33410292,NONE,NONE,breast,"0
",25008,NONE_NONE,Arduino
438,33634884,33658912,NONE,NONE,breast,"1
",24028,NONE_NONE,Arduino
439,33887604,33913168,NONE,NONE,breast,"1
",25564,NONE_NONE,Arduino
440,34127844,34153372,NONE,NONE,breast,"1
",25528,NONE_NONE,Arduino
441,34363924,34389824,NONE,NONE,breast,"1
",25900,NONE_NONE,Arduino
442,34610404,34634976,NONE,NONE,breast,"1
",24572,NONE_NONE,Arduino
443,34857924,34881892,NONE,NONE,breast,"1
",23968,NONE_NONE,Arduino
444,35094004,35117780,NONE,NONE,breast,"1
",23776,NONE_NONE,Arduino
445,35325924,35350452,NONE,NONE,breast,"1
",24528,NONE_NONE,Arduino
446,35560964,35585796,NONE,NONE,breast,"0
",24832,NONE_NONE,Arduino
447,35803284,35827752,NONE,NONE,breast,"0
",24468,NONE_NONE,Arduino
448,36037284,36062036,NONE,NONE,breast,"0
",24752,NONE_NONE,Arduino
449,36267124,36291912,NONE,NONE,breast,"1
",24788,NONE_NONE,Arduino
450,36507364,36532648,NONE,NONE,breast,"1
",25284,NONE_NONE,Arduino
451,36745524,36770980,NONE,NONE,breast,"1
",25456,NONE_NONE,Arduino
452,36996164,37020596,NONE,NONE,breast,"1
",24432,NONE_NONE,Arduino
453,37236404,37262324,NONE,NONE,breast,"1
",25920,NONE_NONE,Arduino
454,37472484,37497492,NONE,NONE,breast,"0
",25008,NONE_NONE,Arduino
455,37736644,37760984,NONE,NONE,breast,"0
",24340,NONE_NONE,Arduino
456,22143232,22145604,REDUCTION,UNIQUE,iris,"0
",2372,REDUCTION_UNIQUE,Arduino
457,22159840,22162076,REDUCTION,UNIQUE,iris,"0
",2236,REDUCTION_UNIQUE,Arduino
458,22224576,22226968,REDUCTION,UNIQUE,iris,"1
",2392,REDUCTION_UNIQUE,Arduino
459,22295296,22297624,REDUCTION,UNIQUE,iris,"0
",2328,REDUCTION_UNIQUE,Arduino
460,22364976,22367240,REDUCTION,UNIQUE,iris,"0
",2264,REDUCTION_UNIQUE,Arduino
461,22435696,22438216,REDUCTION,UNIQUE,iris,"0
",2520,REDUCTION_UNIQUE,Arduino
462,22506416,22508960,REDUCTION,UNIQUE,iris,"0
",2544,REDUCTION_UNIQUE,Arduino
463,22586496,22589088,REDUCTION,UNIQUE,iris,"2
",2592,REDUCTION_UNIQUE,Arduino
464,22657216,22659760,REDUCTION,UNIQUE,iris,"0
",2544,REDUCTION_UNIQUE,Arduino
465,22725856,22728244,REDUCTION,UNIQUE,iris,"2
",2388,REDUCTION_UNIQUE,Arduino
466,22793456,22795892,REDUCTION,UNIQUE,iris,"2
",2436,REDUCTION_UNIQUE,Arduino
467,22863136,22865800,REDUCTION,UNIQUE,iris,"0
",2664,REDUCTION_UNIQUE,Arduino
468,22935936,22938312,REDUCTION,UNIQUE,iris,"0
",2376,REDUCTION_UNIQUE,Arduino
469,23026416,23028880,REDUCTION,UNIQUE,iris,"0
",2464,REDUCTION_UNIQUE,Arduino
470,23106496,23108864,REDUCTION,UNIQUE,iris,"2
",2368,REDUCTION_UNIQUE,Arduino
471,23177220,23179648,REDUCTION,UNIQUE,iris,"0
",2428,REDUCTION_UNIQUE,Arduino
472,23246896,23249304,REDUCTION,UNIQUE,iris,"0
",2408,REDUCTION_UNIQUE,Arduino
473,23318656,23321108,REDUCTION,UNIQUE,iris,"0
",2452,REDUCTION_UNIQUE,Arduino
474,23397696,23400152,REDUCTION,UNIQUE,iris,"2
",2456,REDUCTION_UNIQUE,Arduino
475,23465296,23467780,REDUCTION,UNIQUE,iris,"0
",2484,REDUCTION_UNIQUE,Arduino
476,23533936,23536244,REDUCTION,UNIQUE,iris,"2
",2308,REDUCTION_UNIQUE,Arduino
477,23603616,23606024,REDUCTION,UNIQUE,iris,"2
",2408,REDUCTION_UNIQUE,Arduino
478,23680576,23682948,REDUCTION,UNIQUE,iris,"2
",2372,REDUCTION_UNIQUE,Arduino
479,23770016,23772460,REDUCTION,UNIQUE,iris,"2
",2444,REDUCTION_UNIQUE,Arduino
480,23850096,23852512,REDUCTION,UNIQUE,iris,"0
",2416,REDUCTION_UNIQUE,Arduino
481,23928096,23930456,REDUCTION,UNIQUE,iris,"0
",2360,REDUCTION_UNIQUE,Arduino
482,23996736,23999148,REDUCTION,UNIQUE,iris,"2
",2412,REDUCTION_UNIQUE,Arduino
483,24064336,24066784,REDUCTION,UNIQUE,iris,"2
",2448,REDUCTION_UNIQUE,Arduino
484,24142336,24144728,REDUCTION,UNIQUE,iris,"0
",2392,REDUCTION_UNIQUE,Arduino
485,24218256,24220680,REDUCTION,UNIQUE,iris,"2
",2424,REDUCTION_UNIQUE,Arduino
486,10219716,10222024,REDUCTION,ZEROS,iris,"0
",2308,REDUCTION_ZEROS,Arduino
487,10236320,10238496,REDUCTION,ZEROS,iris,"0
",2176,REDUCTION_ZEROS,Arduino
488,10297532,10299864,REDUCTION,ZEROS,iris,"1
",2332,REDUCTION_ZEROS,Arduino
489,10367212,10369480,REDUCTION,ZEROS,iris,"0
",2268,REDUCTION_ZEROS,Arduino
490,10435852,10438052,REDUCTION,ZEROS,iris,"0
",2200,REDUCTION_ZEROS,Arduino
491,10505532,10507980,REDUCTION,ZEROS,iris,"0
",2448,REDUCTION_ZEROS,Arduino
492,10575212,10577692,REDUCTION,ZEROS,iris,"0
",2480,REDUCTION_ZEROS,Arduino
493,10654252,10656792,REDUCTION,ZEROS,iris,"2
",2540,REDUCTION_ZEROS,Arduino
494,10723932,10726416,REDUCTION,ZEROS,iris,"0
",2484,REDUCTION_ZEROS,Arduino
495,10791532,10793860,REDUCTION,ZEROS,iris,"2
",2328,REDUCTION_ZEROS,Arduino
496,10857052,10859480,REDUCTION,ZEROS,iris,"0
",2428,REDUCTION_ZEROS,Arduino
497,10925692,10928236,REDUCTION,ZEROS,iris,"0
",2544,REDUCTION_ZEROS,Arduino
498,10996412,10998824,REDUCTION,ZEROS,iris,"0
",2412,REDUCTION_ZEROS,Arduino
499,11084816,11087252,REDUCTION,ZEROS,iris,"0
",2436,REDUCTION_ZEROS,Arduino
500,11163852,11166156,REDUCTION,ZEROS,iris,"2
",2304,REDUCTION_ZEROS,Arduino
501,11233532,11235812,REDUCTION,ZEROS,iris,"0
",2280,REDUCTION_ZEROS,Arduino
502,11302172,11304512,REDUCTION,ZEROS,iris,"0
",2340,REDUCTION_ZEROS,Arduino
503,11371852,11374208,REDUCTION,ZEROS,iris,"0
",2356,REDUCTION_ZEROS,Arduino
504,11458172,11460476,REDUCTION,ZEROS,iris,"1
",2304,REDUCTION_ZEROS,Arduino
505,11524732,11527076,REDUCTION,ZEROS,iris,"2
",2344,REDUCTION_ZEROS,Arduino
506,11592332,11594648,REDUCTION,ZEROS,iris,"2
",2316,REDUCTION_ZEROS,Arduino
507,11660972,11663300,REDUCTION,ZEROS,iris,"1
",2328,REDUCTION_ZEROS,Arduino
508,11747292,11749596,REDUCTION,ZEROS,iris,"0
",2304,REDUCTION_ZEROS,Arduino
509,11835692,11838064,REDUCTION,ZEROS,iris,"2
",2372,REDUCTION_ZEROS,Arduino
510,11914732,11916996,REDUCTION,ZEROS,iris,"0
",2264,REDUCTION_ZEROS,Arduino
511,11991692,11993976,REDUCTION,ZEROS,iris,"0
",2284,REDUCTION_ZEROS,Arduino
512,12062412,12064764,REDUCTION,ZEROS,iris,"0
",2352,REDUCTION_ZEROS,Arduino
513,12128972,12131380,REDUCTION,ZEROS,iris,"2
",2408,REDUCTION_ZEROS,Arduino
514,12205932,12208280,REDUCTION,ZEROS,iris,"0
",2348,REDUCTION_ZEROS,Arduino
515,12272492,12274872,REDUCTION,ZEROS,iris,"2
",2380,REDUCTION_ZEROS,Arduino
516,10217228,10219772,UNIQUE,UNIQUE,iris,"0
",2544,UNIQUE_UNIQUE,Arduino
517,10233852,10236268,UNIQUE,UNIQUE,iris,"0
",2416,UNIQUE_UNIQUE,Arduino
518,10291760,10294332,UNIQUE,UNIQUE,iris,"1
",2572,UNIQUE_UNIQUE,Arduino
519,10359360,10361864,UNIQUE,UNIQUE,iris,"0
",2504,UNIQUE_UNIQUE,Arduino
520,10425920,10428352,UNIQUE,UNIQUE,iris,"0
",2432,UNIQUE_UNIQUE,Arduino
521,10493520,10496208,UNIQUE,UNIQUE,iris,"0
",2688,UNIQUE_UNIQUE,Arduino
522,10561120,10563832,UNIQUE,UNIQUE,iris,"0
",2712,UNIQUE_UNIQUE,Arduino
523,10638080,10640868,UNIQUE,UNIQUE,iris,"2
",2788,UNIQUE_UNIQUE,Arduino
524,10705680,10708404,UNIQUE,UNIQUE,iris,"0
",2724,UNIQUE_UNIQUE,Arduino
525,10771200,10773776,UNIQUE,UNIQUE,iris,"2
",2576,UNIQUE_UNIQUE,Arduino
526,10835680,10838304,UNIQUE,UNIQUE,iris,"0
",2624,UNIQUE_UNIQUE,Arduino
527,10902244,10904908,UNIQUE,UNIQUE,iris,"0
",2664,UNIQUE_UNIQUE,Arduino
528,10971920,10974480,UNIQUE,UNIQUE,iris,"0
",2560,UNIQUE_UNIQUE,Arduino
529,11059280,11061920,UNIQUE,UNIQUE,iris,"0
",2640,UNIQUE_UNIQUE,Arduino
530,11136240,11138784,UNIQUE,UNIQUE,iris,"2
",2544,UNIQUE_UNIQUE,Arduino
531,11203840,11206352,UNIQUE,UNIQUE,iris,"0
",2512,UNIQUE_UNIQUE,Arduino
532,11270400,11272944,UNIQUE,UNIQUE,iris,"0
",2544,UNIQUE_UNIQUE,Arduino
533,11347360,11350008,UNIQUE,UNIQUE,iris,"0
",2648,UNIQUE_UNIQUE,Arduino
534,11431600,11434156,UNIQUE,UNIQUE,iris,"1
",2556,UNIQUE_UNIQUE,Arduino
535,11496080,11498676,UNIQUE,UNIQUE,iris,"2
",2596,UNIQUE_UNIQUE,Arduino
536,11561600,11564164,UNIQUE,UNIQUE,iris,"2
",2564,UNIQUE_UNIQUE,Arduino
537,11626080,11628828,UNIQUE,UNIQUE,iris,"0
",2748,UNIQUE_UNIQUE,Arduino
538,11719680,11722216,UNIQUE,UNIQUE,iris,"0
",2536,UNIQUE_UNIQUE,Arduino
539,11806000,11808612,UNIQUE,UNIQUE,iris,"2
",2612,UNIQUE_UNIQUE,Arduino
540,11882960,11885464,UNIQUE,UNIQUE,iris,"0
",2504,UNIQUE_UNIQUE,Arduino
541,11956800,11959376,UNIQUE,UNIQUE,iris,"2
",2576,UNIQUE_UNIQUE,Arduino
542,12024400,12026948,UNIQUE,UNIQUE,iris,"0
",2548,UNIQUE_UNIQUE,Arduino
543,12088880,12091548,UNIQUE,UNIQUE,iris,"2
",2668,UNIQUE_UNIQUE,Arduino
544,12153360,12155840,UNIQUE,UNIQUE,iris,"2
",2480,UNIQUE_UNIQUE,Arduino
545,12215760,12218392,UNIQUE,UNIQUE,iris,"2
",2632,UNIQUE_UNIQUE,Arduino
546,10220272,10222428,ZEROS,UNIQUE,iris,"0
",2156,ZEROS_UNIQUE,Arduino
547,10236888,10238912,ZEROS,UNIQUE,iris,"0
",2024,ZEROS_UNIQUE,Arduino
548,10291864,10294040,ZEROS,UNIQUE,iris,"1
",2176,ZEROS_UNIQUE,Arduino
549,10358424,10360536,ZEROS,UNIQUE,iris,"0
",2112,ZEROS_UNIQUE,Arduino
550,10423944,10425984,ZEROS,UNIQUE,iris,"0
",2040,ZEROS_UNIQUE,Arduino
551,10490504,10492800,ZEROS,UNIQUE,iris,"0
",2296,ZEROS_UNIQUE,Arduino
552,10557064,10559384,ZEROS,UNIQUE,iris,"0
",2320,ZEROS_UNIQUE,Arduino
553,10632984,10635380,ZEROS,UNIQUE,iris,"2
",2396,ZEROS_UNIQUE,Arduino
554,10699544,10701884,ZEROS,UNIQUE,iris,"0
",2340,ZEROS_UNIQUE,Arduino
555,10764024,10766208,ZEROS,UNIQUE,iris,"2
",2184,ZEROS_UNIQUE,Arduino
556,10826424,10828652,ZEROS,UNIQUE,iris,"0
",2228,ZEROS_UNIQUE,Arduino
557,10891944,10894132,ZEROS,UNIQUE,iris,"0
",2188,ZEROS_UNIQUE,Arduino
558,10959544,10961768,ZEROS,UNIQUE,iris,"0
",2224,ZEROS_UNIQUE,Arduino
559,11036504,11038728,ZEROS,UNIQUE,iris,"0
",2224,ZEROS_UNIQUE,Arduino
560,11112424,11114584,ZEROS,UNIQUE,iris,"2
",2160,ZEROS_UNIQUE,Arduino
561,11178984,11181120,ZEROS,UNIQUE,iris,"0
",2136,ZEROS_UNIQUE,Arduino
562,11244504,11246668,ZEROS,UNIQUE,iris,"0
",2164,ZEROS_UNIQUE,Arduino
563,11311064,11313348,ZEROS,UNIQUE,iris,"0
",2284,ZEROS_UNIQUE,Arduino
564,11395304,11397468,ZEROS,UNIQUE,iris,"0
",2164,ZEROS_UNIQUE,Arduino
565,11459784,11461992,ZEROS,UNIQUE,iris,"2
",2208,ZEROS_UNIQUE,Arduino
566,11524264,11526480,ZEROS,UNIQUE,iris,"2
",2216,ZEROS_UNIQUE,Arduino
567,11589784,11591872,ZEROS,UNIQUE,iris,"1
",2088,ZEROS_UNIQUE,Arduino
568,11672984,11675168,ZEROS,UNIQUE,iris,"2
",2184,ZEROS_UNIQUE,Arduino
569,11748904,11751004,ZEROS,UNIQUE,iris,"2
",2100,ZEROS_UNIQUE,Arduino
570,11824824,11827028,ZEROS,UNIQUE,iris,"0
",2204,ZEROS_UNIQUE,Arduino
571,11897624,11899808,ZEROS,UNIQUE,iris,"2
",2184,ZEROS_UNIQUE,Arduino
572,11961064,11963240,ZEROS,UNIQUE,iris,"0
",2176,ZEROS_UNIQUE,Arduino
573,12026584,12028772,ZEROS,UNIQUE,iris,"2
",2188,ZEROS_UNIQUE,Arduino
574,12091064,12093364,ZEROS,UNIQUE,iris,"2
",2300,ZEROS_UNIQUE,Arduino
575,12152424,12154628,ZEROS,UNIQUE,iris,"0
",2204,ZEROS_UNIQUE,Arduino
576,10219216,10221680,UNIQUE,ZEROS,iris,"0
",2464,UNIQUE_ZEROS,Arduino
577,10235832,10238164,UNIQUE,ZEROS,iris,"0
",2332,UNIQUE_ZEROS,Arduino
578,10290796,10293284,UNIQUE,ZEROS,iris,"1
",2488,UNIQUE_ZEROS,Arduino
579,10357356,10359772,UNIQUE,ZEROS,iris,"0
",2416,UNIQUE_ZEROS,Arduino
580,10422876,10425228,UNIQUE,ZEROS,iris,"0
",2352,UNIQUE_ZEROS,Arduino
581,10489436,10492044,UNIQUE,ZEROS,iris,"0
",2608,UNIQUE_ZEROS,Arduino
582,10555996,10558628,UNIQUE,ZEROS,iris,"0
",2632,UNIQUE_ZEROS,Arduino
583,10631916,10634624,UNIQUE,ZEROS,iris,"2
",2708,UNIQUE_ZEROS,Arduino
584,10698480,10701120,UNIQUE,ZEROS,iris,"0
",2640,UNIQUE_ZEROS,Arduino
585,10762956,10765452,UNIQUE,ZEROS,iris,"2
",2496,UNIQUE_ZEROS,Arduino
586,10825356,10827892,UNIQUE,ZEROS,iris,"0
",2536,UNIQUE_ZEROS,Arduino
587,10890876,10893384,UNIQUE,ZEROS,iris,"0
",2508,UNIQUE_ZEROS,Arduino
588,10958476,10961000,UNIQUE,ZEROS,iris,"0
",2524,UNIQUE_ZEROS,Arduino
589,11035436,11038072,UNIQUE,ZEROS,iris,"0
",2636,UNIQUE_ZEROS,Arduino
590,11111356,11113828,UNIQUE,ZEROS,iris,"2
",2472,UNIQUE_ZEROS,Arduino
591,11177916,11180360,UNIQUE,ZEROS,iris,"0
",2444,UNIQUE_ZEROS,Arduino
592,11243436,11245944,UNIQUE,ZEROS,iris,"0
",2508,UNIQUE_ZEROS,Arduino
593,11309996,11312580,UNIQUE,ZEROS,iris,"0
",2584,UNIQUE_ZEROS,Arduino
594,11394236,11396708,UNIQUE,ZEROS,iris,"0
",2472,UNIQUE_ZEROS,Arduino
595,11458716,11461228,UNIQUE,ZEROS,iris,"2
",2512,UNIQUE_ZEROS,Arduino
596,11523196,11525716,UNIQUE,ZEROS,iris,"2
",2520,UNIQUE_ZEROS,Arduino
597,11588716,11591108,UNIQUE,ZEROS,iris,"1
",2392,UNIQUE_ZEROS,Arduino
598,11671916,11674404,UNIQUE,ZEROS,iris,"2
",2488,UNIQUE_ZEROS,Arduino
599,11747836,11750244,UNIQUE,ZEROS,iris,"2
",2408,UNIQUE_ZEROS,Arduino
600,11823756,11826280,UNIQUE,ZEROS,iris,"0
",2524,UNIQUE_ZEROS,Arduino
601,11896556,11899052,UNIQUE,ZEROS,iris,"2
",2496,UNIQUE_ZEROS,Arduino
602,11959996,11962520,UNIQUE,ZEROS,iris,"2
",2524,UNIQUE_ZEROS,Arduino
603,12025516,12028016,UNIQUE,ZEROS,iris,"2
",2500,UNIQUE_ZEROS,Arduino
604,12089996,12092612,UNIQUE,ZEROS,iris,"2
",2616,UNIQUE_ZEROS,Arduino
605,12151356,12153908,UNIQUE,ZEROS,iris,"2
",2552,UNIQUE_ZEROS,Arduino
606,10219800,10221992,ZEROS,ZEROS,iris,"0
",2192,ZEROS_ZEROS,Arduino
607,10236392,10238448,ZEROS,ZEROS,iris,"0
",2056,ZEROS_ZEROS,Arduino
608,10289300,10291512,ZEROS,ZEROS,iris,"1
",2212,ZEROS_ZEROS,Arduino
609,10354820,10356968,ZEROS,ZEROS,iris,"0
",2148,ZEROS_ZEROS,Arduino
610,10419300,10421384,ZEROS,ZEROS,iris,"0
",2084,ZEROS_ZEROS,Arduino
611,10484820,10487156,ZEROS,ZEROS,iris,"0
",2336,ZEROS_ZEROS,Arduino
612,10550340,10552700,ZEROS,ZEROS,iris,"0
",2360,ZEROS_ZEROS,Arduino
613,10625220,10627660,ZEROS,ZEROS,iris,"2
",2440,ZEROS_ZEROS,Arduino
614,10690740,10693104,ZEROS,ZEROS,iris,"0
",2364,ZEROS_ZEROS,Arduino
615,10754180,10756400,ZEROS,ZEROS,iris,"2
",2220,ZEROS_ZEROS,Arduino
616,10814500,10816796,ZEROS,ZEROS,iris,"2
",2296,ZEROS_ZEROS,Arduino
617,10878988,10881292,ZEROS,ZEROS,iris,"0
",2304,ZEROS_ZEROS,Arduino
618,10945548,10947812,ZEROS,ZEROS,iris,"0
",2264,ZEROS_ZEROS,Arduino
619,11022500,11024792,ZEROS,ZEROS,iris,"0
",2292,ZEROS_ZEROS,Arduino
620,11097380,11099572,ZEROS,ZEROS,iris,"2
",2192,ZEROS_ZEROS,Arduino
621,11162900,11165068,ZEROS,ZEROS,iris,"0
",2168,ZEROS_ZEROS,Arduino
622,11227380,11229576,ZEROS,ZEROS,iris,"0
",2196,ZEROS_ZEROS,Arduino
623,11293940,11296300,ZEROS,ZEROS,iris,"0
",2360,ZEROS_ZEROS,Arduino
624,11376100,11378300,ZEROS,ZEROS,iris,"0
",2200,ZEROS_ZEROS,Arduino
625,11439540,11441764,ZEROS,ZEROS,iris,"2
",2224,ZEROS_ZEROS,Arduino
626,11502980,11505236,ZEROS,ZEROS,iris,"2
",2256,ZEROS_ZEROS,Arduino
627,11567460,11569584,ZEROS,ZEROS,iris,"1
",2124,ZEROS_ZEROS,Arduino
628,11650660,11653004,ZEROS,ZEROS,iris,"2
",2344,ZEROS_ZEROS,Arduino
629,11725540,11727928,ZEROS,ZEROS,iris,"2
",2388,ZEROS_ZEROS,Arduino
630,11800420,11802572,ZEROS,ZEROS,iris,"0
",2152,ZEROS_ZEROS,Arduino
631,11872180,11874408,ZEROS,ZEROS,iris,"2
",2228,ZEROS_ZEROS,Arduino
632,11935620,11937916,ZEROS,ZEROS,iris,"2
",2296,ZEROS_ZEROS,Arduino
633,11999060,12001316,ZEROS,ZEROS,iris,"2
",2256,ZEROS_ZEROS,Arduino
634,12061460,12063776,ZEROS,ZEROS,iris,"2
",2316,ZEROS_ZEROS,Arduino
635,12121780,12124064,ZEROS,ZEROS,iris,"2
",2284,ZEROS_ZEROS,Arduino
636,10218408,10220784,NONE,NONE,iris,"0
",2376,NONE_NONE,Arduino
637,10235052,10237292,NONE,NONE,iris,"0
",2240,NONE_NONE,Arduino
638,10283788,10286188,NONE,NONE,iris,"1
",2400,NONE_NONE,Arduino
639,10347228,10349556,NONE,NONE,iris,"0
",2328,NONE_NONE,Arduino
640,10409628,10411892,NONE,NONE,iris,"0
",2264,NONE_NONE,Arduino
641,10473068,10475596,NONE,NONE,iris,"0
",2528,NONE_NONE,Arduino
642,10536508,10539060,NONE,NONE,iris,"0
",2552,NONE_NONE,Arduino
643,10609308,10611936,NONE,NONE,iris,"2
",2628,NONE_NONE,Arduino
644,10672748,10675304,NONE,NONE,iris,"0
",2556,NONE_NONE,Arduino
645,10734108,10736508,NONE,NONE,iris,"2
",2400,NONE_NONE,Arduino
646,10792348,10794828,NONE,NONE,iris,"2
",2480,NONE_NONE,Arduino
647,10854748,10857100,NONE,NONE,iris,"0
",2352,NONE_NONE,Arduino
648,10919228,10921672,NONE,NONE,iris,"0
",2444,NONE_NONE,Arduino
649,10994108,10996596,NONE,NONE,iris,"0
",2488,NONE_NONE,Arduino
650,11066908,11069284,NONE,NONE,iris,"2
",2376,NONE_NONE,Arduino
651,11130348,11132696,NONE,NONE,iris,"0
",2348,NONE_NONE,Arduino
652,11191708,11194112,NONE,NONE,iris,"2
",2404,NONE_NONE,Arduino
653,11256188,11258748,NONE,NONE,iris,"2
",2560,NONE_NONE,Arduino
654,11327948,11330340,NONE,NONE,iris,"0
",2392,NONE_NONE,Arduino
655,11389308,11391752,NONE,NONE,iris,"2
",2444,NONE_NONE,Arduino
656,11450668,11452952,NONE,NONE,iris,"2
",2284,NONE_NONE,Arduino
657,11513068,11515372,NONE,NONE,iris,"1
",2304,NONE_NONE,Arduino
658,11594188,11596640,NONE,NONE,iris,"2
",2452,NONE_NONE,Arduino
659,11676348,11678768,NONE,NONE,iris,"0
",2420,NONE_NONE,Arduino
660,11749148,11751492,NONE,NONE,iris,"0
",2344,NONE_NONE,Arduino
661,11818828,11821236,NONE,NONE,iris,"2
",2408,NONE_NONE,Arduino
662,11880188,11882588,NONE,NONE,iris,"2
",2400,NONE_NONE,Arduino
663,11942588,11945008,NONE,NONE,iris,"2
",2420,NONE_NONE,Arduino
664,12003948,12006220,NONE,NONE,iris,"0
",2272,NONE_NONE,Arduino
665,12063228,12065644,NONE,NONE,iris,"2
",2416,NONE_NONE,Arduino
666,10257008,10263188,REDUCTION,UNIQUE,wine,"1
",6180,REDUCTION_UNIQUE,Arduino
667,10360848,10367520,REDUCTION,UNIQUE,wine,"2
",6672,REDUCTION_UNIQUE,Arduino
668,10496040,10501764,REDUCTION,UNIQUE,wine,"1
",5724,REDUCTION_UNIQUE,Arduino
669,10631240,10637244,REDUCTION,UNIQUE,wine,"2
",6004,REDUCTION_UNIQUE,Arduino
670,10766440,10772548,REDUCTION,UNIQUE,wine,"1
",6108,REDUCTION_UNIQUE,Arduino
671,10915160,10921164,REDUCTION,UNIQUE,wine,"1
",6004,REDUCTION_UNIQUE,Arduino
672,11038920,11045180,REDUCTION,UNIQUE,wine,"2
",6260,REDUCTION_UNIQUE,Arduino
673,11168920,11174952,REDUCTION,UNIQUE,wine,"2
",6032,REDUCTION_UNIQUE,Arduino
674,11303080,11309284,REDUCTION,UNIQUE,wine,"2
",6204,REDUCTION_UNIQUE,Arduino
675,11428920,11435088,REDUCTION,UNIQUE,wine,"0
",6168,REDUCTION_UNIQUE,Arduino
676,11557880,11564072,REDUCTION,UNIQUE,wine,"0
",6192,REDUCTION_UNIQUE,Arduino
677,11681640,11688004,REDUCTION,UNIQUE,wine,"1
",6364,REDUCTION_UNIQUE,Arduino
678,11806440,11812680,REDUCTION,UNIQUE,wine,"1
",6240,REDUCTION_UNIQUE,Arduino
679,11949960,11956084,REDUCTION,UNIQUE,wine,"2
",6124,REDUCTION_UNIQUE,Arduino
680,12072680,12078772,REDUCTION,UNIQUE,wine,"2
",6092,REDUCTION_UNIQUE,Arduino
681,12213080,12219416,REDUCTION,UNIQUE,wine,"0
",6336,REDUCTION_UNIQUE,Arduino
682,12342040,12348264,REDUCTION,UNIQUE,wine,"2
",6224,REDUCTION_UNIQUE,Arduino
683,12462680,12468840,REDUCTION,UNIQUE,wine,"1
",6160,REDUCTION_UNIQUE,Arduino
684,12590600,12596532,REDUCTION,UNIQUE,wine,"0
",5932,REDUCTION_UNIQUE,Arduino
685,12721640,12727728,REDUCTION,UNIQUE,wine,"1
",6088,REDUCTION_UNIQUE,Arduino
686,12858920,12865028,REDUCTION,UNIQUE,wine,"2
",6108,REDUCTION_UNIQUE,Arduino
687,12986840,12993120,REDUCTION,UNIQUE,wine,"1
",6280,REDUCTION_UNIQUE,Arduino
688,13112680,13118752,REDUCTION,UNIQUE,wine,"0
",6072,REDUCTION_UNIQUE,Arduino
689,13245800,13251892,REDUCTION,UNIQUE,wine,"0
",6092,REDUCTION_UNIQUE,Arduino
690,13370600,13376864,REDUCTION,UNIQUE,wine,"2
",6264,REDUCTION_UNIQUE,Arduino
691,13493320,13499600,REDUCTION,UNIQUE,wine,"2
",6280,REDUCTION_UNIQUE,Arduino
692,13632680,13638884,REDUCTION,UNIQUE,wine,"2
",6204,REDUCTION_UNIQUE,Arduino
693,13757480,13763768,REDUCTION,UNIQUE,wine,"1
",6288,REDUCTION_UNIQUE,Arduino
694,13878120,13884544,REDUCTION,UNIQUE,wine,"2
",6424,REDUCTION_UNIQUE,Arduino
695,14002920,14009080,REDUCTION,UNIQUE,wine,"0
",6160,REDUCTION_UNIQUE,Arduino
696,14127720,14133956,REDUCTION,UNIQUE,wine,"0
",6236,REDUCTION_UNIQUE,Arduino
697,14262924,14268816,REDUCTION,UNIQUE,wine,"2
",5892,REDUCTION_UNIQUE,Arduino
698,14407480,14413608,REDUCTION,UNIQUE,wine,"2
",6128,REDUCTION_UNIQUE,Arduino
699,14544760,14551168,REDUCTION,UNIQUE,wine,"2
",6408,REDUCTION_UNIQUE,Arduino
700,14666440,14672512,REDUCTION,UNIQUE,wine,"0
",6072,REDUCTION_UNIQUE,Arduino
701,14790200,14796284,REDUCTION,UNIQUE,wine,"0
",6084,REDUCTION_UNIQUE,Arduino
702,10254896,10260876,REDUCTION,ZEROS,wine,"1
",5980,REDUCTION_ZEROS,Arduino
703,10357656,10364148,REDUCTION,ZEROS,wine,"2
",6492,REDUCTION_ZEROS,Arduino
704,10491816,10497356,REDUCTION,ZEROS,wine,"1
",5540,REDUCTION_ZEROS,Arduino
705,10631180,10637440,REDUCTION,ZEROS,wine,"0
",6260,REDUCTION_ZEROS,Arduino
706,10766376,10772224,REDUCTION,ZEROS,wine,"1
",5848,REDUCTION_ZEROS,Arduino
707,10913016,10919416,REDUCTION,ZEROS,wine,"2
",6400,REDUCTION_ZEROS,Arduino
708,11035736,11042052,REDUCTION,ZEROS,wine,"1
",6316,REDUCTION_ZEROS,Arduino
709,11160536,11166688,REDUCTION,ZEROS,wine,"1
",6152,REDUCTION_ZEROS,Arduino
710,11295736,11301704,REDUCTION,ZEROS,wine,"2
",5968,REDUCTION_ZEROS,Arduino
711,11420536,11426376,REDUCTION,ZEROS,wine,"2
",5840,REDUCTION_ZEROS,Arduino
712,11543256,11549112,REDUCTION,ZEROS,wine,"0
",5856,REDUCTION_ZEROS,Arduino
713,11685736,11691648,REDUCTION,ZEROS,wine,"2
",5912,REDUCTION_ZEROS,Arduino
714,11816776,11822580,REDUCTION,ZEROS,wine,"1
",5804,REDUCTION_ZEROS,Arduino
715,11955096,11961304,REDUCTION,ZEROS,wine,"2
",6208,REDUCTION_ZEROS,Arduino
716,12077816,12083752,REDUCTION,ZEROS,wine,"0
",5936,REDUCTION_ZEROS,Arduino
717,12205736,12211928,REDUCTION,ZEROS,wine,"0
",6192,REDUCTION_ZEROS,Arduino
718,12329496,12335376,REDUCTION,ZEROS,wine,"0
",5880,REDUCTION_ZEROS,Arduino
719,12448056,12454100,REDUCTION,ZEROS,wine,"2
",6044,REDUCTION_ZEROS,Arduino
720,12570776,12576648,REDUCTION,ZEROS,wine,"0
",5872,REDUCTION_ZEROS,Arduino
721,12707016,12712632,REDUCTION,ZEROS,wine,"0
",5616,REDUCTION_ZEROS,Arduino
722,12839096,12845036,REDUCTION,ZEROS,wine,"1
",5940,REDUCTION_ZEROS,Arduino
723,12964936,12970932,REDUCTION,ZEROS,wine,"1
",5996,REDUCTION_ZEROS,Arduino
724,13091816,13097580,REDUCTION,ZEROS,wine,"0
",5764,REDUCTION_ZEROS,Arduino
725,13221816,13227956,REDUCTION,ZEROS,wine,"2
",6140,REDUCTION_ZEROS,Arduino
726,13344536,13350592,REDUCTION,ZEROS,wine,"2
",6056,REDUCTION_ZEROS,Arduino
727,13468296,13474172,REDUCTION,ZEROS,wine,"0
",5876,REDUCTION_ZEROS,Arduino
728,13587896,13593964,REDUCTION,ZEROS,wine,"0
",6068,REDUCTION_ZEROS,Arduino
729,13708536,13714320,REDUCTION,ZEROS,wine,"0
",5784,REDUCTION_ZEROS,Arduino
730,13835416,13841372,REDUCTION,ZEROS,wine,"1
",5956,REDUCTION_ZEROS,Arduino
731,13961256,13967128,REDUCTION,ZEROS,wine,"1
",5872,REDUCTION_ZEROS,Arduino
732,14087096,14092840,REDUCTION,ZEROS,wine,"0
",5744,REDUCTION_ZEROS,Arduino
733,14210856,14216708,REDUCTION,ZEROS,wine,"1
",5852,REDUCTION_ZEROS,Arduino
734,14346056,14352072,REDUCTION,ZEROS,wine,"0
",6016,REDUCTION_ZEROS,Arduino
735,14483336,14489256,REDUCTION,ZEROS,wine,"2
",5920,REDUCTION_ZEROS,Arduino
736,14607096,14612988,REDUCTION,ZEROS,wine,"1
",5892,REDUCTION_ZEROS,Arduino
737,14729816,14735752,REDUCTION,ZEROS,wine,"1
",5936,REDUCTION_ZEROS,Arduino
738,10255564,10261336,ZEROS,UNIQUE,wine,"1
",5772,ZEROS_UNIQUE,Arduino
739,10355236,10361520,ZEROS,UNIQUE,wine,"2
",6284,ZEROS_UNIQUE,Arduino
740,10486276,10491604,ZEROS,UNIQUE,wine,"1
",5328,ZEROS_UNIQUE,Arduino
741,10618356,10624024,ZEROS,UNIQUE,wine,"2
",5668,ZEROS_UNIQUE,Arduino
742,10752516,10758012,ZEROS,UNIQUE,wine,"1
",5496,ZEROS_UNIQUE,Arduino
743,10884596,10890348,ZEROS,UNIQUE,wine,"2
",5752,ZEROS_UNIQUE,Arduino
744,11008356,11014612,ZEROS,UNIQUE,wine,"2
",6256,ZEROS_UNIQUE,Arduino
745,11139396,11145248,ZEROS,UNIQUE,wine,"2
",5852,ZEROS_UNIQUE,Arduino
746,11268356,11273980,ZEROS,UNIQUE,wine,"0
",5624,ZEROS_UNIQUE,Arduino
747,11390036,11395764,ZEROS,UNIQUE,wine,"1
",5728,ZEROS_UNIQUE,Arduino
748,11508596,11514440,ZEROS,UNIQUE,wine,"0
",5844,ZEROS_UNIQUE,Arduino
749,11637556,11643344,ZEROS,UNIQUE,wine,"2
",5788,ZEROS_UNIQUE,Arduino
750,11758196,11764140,ZEROS,UNIQUE,wine,"0
",5944,ZEROS_UNIQUE,Arduino
751,11892356,11898076,ZEROS,UNIQUE,wine,"0
",5720,ZEROS_UNIQUE,Arduino
752,12010916,12016680,ZEROS,UNIQUE,wine,"2
",5764,ZEROS_UNIQUE,Arduino
753,12138836,12144488,ZEROS,UNIQUE,wine,"1
",5652,ZEROS_UNIQUE,Arduino
754,12270916,12276544,ZEROS,UNIQUE,wine,"0
",5628,ZEROS_UNIQUE,Arduino
755,12388436,12394240,ZEROS,UNIQUE,wine,"2
",5804,ZEROS_UNIQUE,Arduino
756,12508036,12513828,ZEROS,UNIQUE,wine,"2
",5792,ZEROS_UNIQUE,Arduino
757,12641156,12647100,ZEROS,UNIQUE,wine,"0
",5944,ZEROS_UNIQUE,Arduino
758,12770116,12775820,ZEROS,UNIQUE,wine,"1
",5704,ZEROS_UNIQUE,Arduino
759,12893876,12899528,ZEROS,UNIQUE,wine,"1
",5652,ZEROS_UNIQUE,Arduino
760,13015556,13020972,ZEROS,UNIQUE,wine,"0
",5416,ZEROS_UNIQUE,Arduino
761,13143476,13149400,ZEROS,UNIQUE,wine,"2
",5924,ZEROS_UNIQUE,Arduino
762,13272436,13278028,ZEROS,UNIQUE,wine,"2
",5592,ZEROS_UNIQUE,Arduino
763,13394116,13399924,ZEROS,UNIQUE,wine,"2
",5808,ZEROS_UNIQUE,Arduino
764,13519956,13525748,ZEROS,UNIQUE,wine,"2
",5792,ZEROS_UNIQUE,Arduino
765,13635396,13640996,ZEROS,UNIQUE,wine,"0
",5600,ZEROS_UNIQUE,Arduino
766,13758116,13764148,ZEROS,UNIQUE,wine,"2
",6032,ZEROS_UNIQUE,Arduino
767,13879796,13885436,ZEROS,UNIQUE,wine,"1
",5640,ZEROS_UNIQUE,Arduino
768,14004604,14010664,ZEROS,UNIQUE,wine,"1
",6060,ZEROS_UNIQUE,Arduino
769,14134596,14140272,ZEROS,UNIQUE,wine,"0
",5676,ZEROS_UNIQUE,Arduino
770,14277076,14282792,ZEROS,UNIQUE,wine,"0
",5716,ZEROS_UNIQUE,Arduino
771,14413316,14419180,ZEROS,UNIQUE,wine,"2
",5864,ZEROS_UNIQUE,Arduino
772,14533964,14539880,ZEROS,UNIQUE,wine,"0
",5916,ZEROS_UNIQUE,Arduino
773,14652516,14658384,ZEROS,UNIQUE,wine,"0
",5868,ZEROS_UNIQUE,Arduino
774,10253304,10259436,UNIQUE,ZEROS,wine,"1
",6132,UNIQUE_ZEROS,Arduino
775,10354224,10360852,UNIQUE,ZEROS,wine,"2
",6628,UNIQUE_ZEROS,Arduino
776,10485264,10490940,UNIQUE,ZEROS,wine,"1
",5676,UNIQUE_ZEROS,Arduino
777,10621504,10627540,UNIQUE,ZEROS,wine,"2
",6036,UNIQUE_ZEROS,Arduino
778,10752544,10758520,UNIQUE,ZEROS,wine,"1
",5976,UNIQUE_ZEROS,Arduino
779,10893984,10899920,UNIQUE,ZEROS,wine,"1
",5936,UNIQUE_ZEROS,Arduino
780,11013584,11020032,UNIQUE,ZEROS,wine,"2
",6448,UNIQUE_ZEROS,Arduino
781,11134224,11140336,UNIQUE,ZEROS,wine,"2
",6112,UNIQUE_ZEROS,Arduino
782,11265264,11271380,UNIQUE,ZEROS,wine,"2
",6116,UNIQUE_ZEROS,Arduino
783,11385904,11392048,UNIQUE,ZEROS,wine,"2
",6144,UNIQUE_ZEROS,Arduino
784,11506544,11512580,UNIQUE,ZEROS,wine,"2
",6036,UNIQUE_ZEROS,Arduino
785,11631344,11637368,UNIQUE,ZEROS,wine,"1
",6024,UNIQUE_ZEROS,Arduino
786,11754064,11760152,UNIQUE,ZEROS,wine,"1
",6088,UNIQUE_ZEROS,Arduino
787,11881984,11888068,UNIQUE,ZEROS,wine,"2
",6084,UNIQUE_ZEROS,Arduino
788,12003664,12009752,UNIQUE,ZEROS,wine,"1
",6088,UNIQUE_ZEROS,Arduino
789,12137828,12144096,UNIQUE,ZEROS,wine,"2
",6268,UNIQUE_ZEROS,Arduino
790,12259504,12265520,UNIQUE,ZEROS,wine,"0
",6016,UNIQUE_ZEROS,Arduino
791,12377024,12383312,UNIQUE,ZEROS,wine,"0
",6288,UNIQUE_ZEROS,Arduino
792,12497664,12503960,UNIQUE,ZEROS,wine,"0
",6296,UNIQUE_ZEROS,Arduino
793,12626624,12632680,UNIQUE,ZEROS,wine,"0
",6056,UNIQUE_ZEROS,Arduino
794,12753504,12759232,UNIQUE,ZEROS,wine,"1
",5728,UNIQUE_ZEROS,Arduino
795,12876224,12882444,UNIQUE,ZEROS,wine,"1
",6220,UNIQUE_ZEROS,Arduino
796,12999984,13006028,UNIQUE,ZEROS,wine,"0
",6044,UNIQUE_ZEROS,Arduino
797,13132064,13138296,UNIQUE,ZEROS,wine,"2
",6232,UNIQUE_ZEROS,Arduino
798,13256864,13263040,UNIQUE,ZEROS,wine,"0
",6176,UNIQUE_ZEROS,Arduino
799,13379588,13385524,UNIQUE,ZEROS,wine,"1
",5936,UNIQUE_ZEROS,Arduino
800,13513748,13519944,UNIQUE,ZEROS,wine,"2
",6196,UNIQUE_ZEROS,Arduino
801,13634384,13640752,UNIQUE,ZEROS,wine,"2
",6368,UNIQUE_ZEROS,Arduino
802,13752944,13758992,UNIQUE,ZEROS,wine,"1
",6048,UNIQUE_ZEROS,Arduino
803,13875664,13881684,UNIQUE,ZEROS,wine,"0
",6020,UNIQUE_ZEROS,Arduino
804,13998384,14004652,UNIQUE,ZEROS,wine,"0
",6268,UNIQUE_ZEROS,Arduino
805,14116944,14122952,UNIQUE,ZEROS,wine,"2
",6008,UNIQUE_ZEROS,Arduino
806,14246944,14253032,UNIQUE,ZEROS,wine,"1
",6088,UNIQUE_ZEROS,Arduino
807,14382144,14388364,UNIQUE,ZEROS,wine,"0
",6220,UNIQUE_ZEROS,Arduino
808,14512148,14518248,UNIQUE,ZEROS,wine,"2
",6100,UNIQUE_ZEROS,Arduino
809,14632784,14638864,UNIQUE,ZEROS,wine,"1
",6080,UNIQUE_ZEROS,Arduino
810,10255452,10261308,ZEROS,ZEROS,wine,"1
",5856,ZEROS_ZEROS,Arduino
811,10354092,10360464,ZEROS,ZEROS,wine,"2
",6372,ZEROS_ZEROS,Arduino
812,10484092,10489508,ZEROS,ZEROS,wine,"1
",5416,ZEROS_ZEROS,Arduino
813,10615132,10621076,ZEROS,ZEROS,wine,"2
",5944,ZEROS_ZEROS,Arduino
814,10743052,10748872,ZEROS,ZEROS,wine,"2
",5820,ZEROS_ZEROS,Arduino
815,10872012,10878264,ZEROS,ZEROS,wine,"2
",6252,ZEROS_ZEROS,Arduino
816,10995772,11001976,ZEROS,ZEROS,wine,"2
",6204,ZEROS_ZEROS,Arduino
817,11115380,11121112,ZEROS,ZEROS,wine,"2
",5732,ZEROS_ZEROS,Arduino
818,11255772,11261400,ZEROS,ZEROS,wine,"1
",5628,ZEROS_ZEROS,Arduino
819,11372252,11378116,ZEROS,ZEROS,wine,"0
",5864,ZEROS_ZEROS,Arduino
820,11492892,11498492,ZEROS,ZEROS,wine,"0
",5600,ZEROS_ZEROS,Arduino
821,11620812,11626652,ZEROS,ZEROS,wine,"2
",5840,ZEROS_ZEROS,Arduino
822,11743532,11749508,ZEROS,ZEROS,wine,"2
",5976,ZEROS_ZEROS,Arduino
823,11868332,11874120,ZEROS,ZEROS,wine,"2
",5788,ZEROS_ZEROS,Arduino
824,11985852,11991716,ZEROS,ZEROS,wine,"2
",5864,ZEROS_ZEROS,Arduino
825,12115852,12121668,ZEROS,ZEROS,wine,"2
",5816,ZEROS_ZEROS,Arduino
826,12233372,12239272,ZEROS,ZEROS,wine,"2
",5900,ZEROS_ZEROS,Arduino
827,12348812,12354484,ZEROS,ZEROS,wine,"2
",5672,ZEROS_ZEROS,Arduino
828,12462172,12468348,ZEROS,ZEROS,wine,"1
",6176,ZEROS_ZEROS,Arduino
829,12607772,12613672,ZEROS,ZEROS,wine,"2
",5900,ZEROS_ZEROS,Arduino
830,12735692,12741548,ZEROS,ZEROS,wine,"2
",5856,ZEROS_ZEROS,Arduino
831,12862572,12868488,ZEROS,ZEROS,wine,"2
",5916,ZEROS_ZEROS,Arduino
832,12980092,12985832,ZEROS,ZEROS,wine,"0
",5740,ZEROS_ZEROS,Arduino
833,13113212,13118912,ZEROS,ZEROS,wine,"0
",5700,ZEROS_ZEROS,Arduino
834,13234892,13240820,ZEROS,ZEROS,wine,"2
",5928,ZEROS_ZEROS,Arduino
835,13356572,13362440,ZEROS,ZEROS,wine,"0
",5868,ZEROS_ZEROS,Arduino
836,13489692,13495408,ZEROS,ZEROS,wine,"2
",5716,ZEROS_ZEROS,Arduino
837,13608252,13614392,ZEROS,ZEROS,wine,"2
",6140,ZEROS_ZEROS,Arduino
838,13727852,13733804,ZEROS,ZEROS,wine,"1
",5952,ZEROS_ZEROS,Arduino
839,13855780,13861400,ZEROS,ZEROS,wine,"0
",5620,ZEROS_ZEROS,Arduino
840,13971212,13977076,ZEROS,ZEROS,wine,"0
",5864,ZEROS_ZEROS,Arduino
841,14101212,14107004,ZEROS,ZEROS,wine,"2
",5792,ZEROS_ZEROS,Arduino
842,14243692,14249580,ZEROS,ZEROS,wine,"1
",5888,ZEROS_ZEROS,Arduino
843,14385132,14391204,ZEROS,ZEROS,wine,"2
",6072,ZEROS_ZEROS,Arduino
844,14513052,14518956,ZEROS,ZEROS,wine,"1
",5904,ZEROS_ZEROS,Arduino
845,14631612,14637524,ZEROS,ZEROS,wine,"2
",5912,ZEROS_ZEROS,Arduino
846,10254736,10260592,NONE,NONE,wine,"1
",5856,NONE_NONE,Arduino
847,10351300,10357664,NONE,NONE,wine,"2
",6364,NONE_NONE,Arduino
848,10479220,10484632,NONE,NONE,wine,"1
",5412,NONE_NONE,Arduino
849,10605060,10611084,NONE,NONE,wine,"2
",6024,NONE_NONE,Arduino
850,10735060,10740856,NONE,NONE,wine,"2
",5796,NONE_NONE,Arduino
851,10860900,10866684,NONE,NONE,wine,"2
",5784,NONE_NONE,Arduino
852,10983620,10989340,NONE,NONE,wine,"1
",5720,NONE_NONE,Arduino
853,11103220,11109020,NONE,NONE,wine,"1
",5800,NONE_NONE,Arduino
854,11234260,11239860,NONE,NONE,wine,"0
",5600,NONE_NONE,Arduino
855,11348660,11354480,NONE,NONE,wine,"2
",5820,NONE_NONE,Arduino
856,11463060,11468756,NONE,NONE,wine,"0
",5696,NONE_NONE,Arduino
857,11579540,11585628,NONE,NONE,wine,"2
",6088,NONE_NONE,Arduino
858,11699140,11704900,NONE,NONE,wine,"1
",5760,NONE_NONE,Arduino
859,11823940,11829612,NONE,NONE,wine,"1
",5672,NONE_NONE,Arduino
860,11944580,11950240,NONE,NONE,wine,"0
",5660,NONE_NONE,Arduino
861,12073540,12079328,NONE,NONE,wine,"1
",5788,NONE_NONE,Arduino
862,12198340,12204144,NONE,NONE,wine,"0
",5804,NONE_NONE,Arduino
863,12318980,12325012,NONE,NONE,wine,"0
",6032,NONE_NONE,Arduino
864,12431300,12436880,NONE,NONE,wine,"1
",5580,NONE_NONE,Arduino
865,12563380,12569248,NONE,NONE,wine,"0
",5868,NONE_NONE,Arduino
866,12693380,12698956,NONE,NONE,wine,"1
",5576,NONE_NONE,Arduino
867,12809860,12816056,NONE,NONE,wine,"2
",6196,NONE_NONE,Arduino
868,12927380,12933312,NONE,NONE,wine,"0
",5932,NONE_NONE,Arduino
869,13056340,13062404,NONE,NONE,wine,"2
",6064,NONE_NONE,Arduino
870,13180100,13185816,NONE,NONE,wine,"0
",5716,NONE_NONE,Arduino
871,13297620,13303300,NONE,NONE,wine,"0
",5680,NONE_NONE,Arduino
872,13416180,13422016,NONE,NONE,wine,"1
",5836,NONE_NONE,Arduino
873,13536820,13542472,NONE,NONE,wine,"0
",5652,NONE_NONE,Arduino
874,13662660,13668432,NONE,NONE,wine,"2
",5772,NONE_NONE,Arduino
875,13781220,13787036,NONE,NONE,wine,"0
",5816,NONE_NONE,Arduino
876,13910180,13916228,NONE,NONE,wine,"1
",6048,NONE_NONE,Arduino
877,14031860,14037620,NONE,NONE,wine,"1
",5760,NONE_NONE,Arduino
878,14162900,14168628,NONE,NONE,wine,"1
",5728,NONE_NONE,Arduino
879,14292900,14298780,NONE,NONE,wine,"1
",5880,NONE_NONE,Arduino
880,14416660,14422564,NONE,NONE,wine,"2
",5904,NONE_NONE,Arduino
881,14539380,14545328,NONE,NONE,wine,"2
",5948,NONE_NONE,Arduino
