﻿Dataset;Board;Vec Opt;Coef Opt;Program Init;Dynamic Init;Program;Dynamic;Program Real;Dynamic Real;Overflow Program;Overflow Dynamic
Pokemon;CC3200;Unique;Reduction;11264;36160;11640;62384;376;26224;0;0
Pokemon;CC3200;Zeros;Reduction;11264;36160;11640;86184;376;50024;0;0
Pokemon;CC3200;Unique;Unique;11264;36160;11784;51424;520;15264;0;0
Pokemon;CC3200;Unique;Zeros;11264;36160;11800;61672;536;25512;0;0
Pokemon;CC3200;Zeros;Unique;11264;36160;11800;75208;536;39048;0;0
Pokemon;CC3200;Zeros;Zeros;11264;36160;11800;85480;536;49320;0;0
Pokemon;CC3200;None;None;11264;36160;11744;88628;480;52468;0;0
Digits;CC3200;Unique;Reduction;11264;36160;11640;72416;376;36256;0;0
Digits;CC3200;Zeros;Reduction;11264;36160;0;159840;-11264;123680;0;46384
Digits;CC3200;Unique;Unique;11264;36160;11784;77000;520;40840;0;0
Digits;CC3200;Unique;Zeros;11264;36160;11808;71720;544;35560;0;0
Digits;CC3200;Zeros;Unique;11264;36160;0;159840;-11264;123680;0;51104
Digits;CC3200;Zeros;Zeros;11264;36160;0;159840;-11264;123680;0;45840
Digits;CC3200;None;None;11264;36160;0;159840;-11264;123680;0;150120
Breast;CC3200;Unique;Reduction;11264;36160;11584;50080;320;13920;0;0
Breast;CC3200;Zeros;Reduction;11264;36160;11584;49640;320;13480;0;0
Breast;CC3200;Unique;Unique;11264;36160;11624;49792;360;13632;0;0
Breast;CC3200;Unique;Zeros;11264;36160;11720;50072;456;13912;0;0
Breast;CC3200;Zeros;Unique;11264;36160;11640;49352;376;13192;0;0
Breast;CC3200;Zeros;Zeros;11264;36160;11720;49632;456;13472;0;0
Breast;CC3200;None;None;11264;36160;11656;47780;392;11620;0;0
Iris;CC3200;Unique;Reduction;11264;36160;11616;36888;352;728;0;0
Iris;CC3200;Zeros;Reduction;11264;36160;11624;37512;360;1352;0;0
Iris;CC3200;Unique;Unique;11264;36160;11688;36768;424;608;0;0
Iris;CC3200;Unique;Zeros;11264;36160;11776;36856;512;696;0;0
Iris;CC3200;Zeros;Unique;11264;36160;11704;37384;440;1224;0;0
Iris;CC3200;Zeros;Zeros;11264;36160;11776;37480;512;1320;0;0
Iris;CC3200;None;None;11264;36160;11688;37284;424;1124;0;0
Wine;CC3200;Unique;Reduction;11264;36160;11624;38608;360;2448;0;0
Wine;CC3200;Zeros;Reduction;11264;36160;11624;39464;360;3304;0;0
Wine;CC3200;Unique;Unique;11264;36160;11696;38584;432;2424;0;0
Wine;CC3200;Unique;Zeros;11264;36160;11776;38576;512;2416;0;0
Wine;CC3200;Zeros;Unique;11264;36160;11704;39424;440;3264;0;0
Wine;CC3200;Zeros;Zeros;11264;36160;11776;39424;512;3264;0;0
Wine;CC3200;None;None;11264;36160;11696;39012;432;2852;0;0
Pokemon;TIVA C;Unique;Reduction;8196;1148;8572;27360;376;26212;0;0
Pokemon;TIVA C;Zeros;Reduction;8196;1148;0;31620;-8196;30472;0;18304
Pokemon;TIVA C;Unique;Unique;8196;1148;8652;16408;456;15260;0;0
Pokemon;TIVA C;Unique;Zeros;8196;1148;8724;26664;528;25516;0;0
Pokemon;TIVA C;Zeros;Unique;8196;1148;0;31620;-8196;30472;0;7352
Pokemon;TIVA C;Zeros;Zeros;8196;1148;0;31620;-8196;30472;0;17608
Pokemon;TIVA C;None;None;8196;1148;0;31620;-8196;30472;0;20848
Digits;TIVA C;Unique;Reduction;8196;1148;0;31620;-8196;30472;0;4640
Digits;TIVA C;Zeros;Reduction;8196;1148;0;31620;-8196;30472;0;97904
Digits;TIVA C;Unique;Unique;8196;1148;0;31620;-8196;30472;0;9224
Digits;TIVA C;Unique;Zeros;8196;1148;0;31620;-8196;30472;0;3944
Digits;TIVA C;Zeros;Unique;8196;1148;0;31620;-8196;30472;0;102488
Digits;TIVA C;Zeros;Zeros;8196;1148;0;31620;-8196;30472;0;97208
Digits;TIVA C;None;None;8196;1148;0;31620;-8196;30472;0;201664
Breast;TIVA C;Unique;Reduction;8196;1148;8532;15068;336;13920;0;0
Breast;TIVA C;Zeros;Reduction;8196;1148;8548;14628;352;13480;0;0
Breast;TIVA C;Unique;Unique;8196;1148;8584;14780;388;13632;0;0
Breast;TIVA C;Unique;Zeros;8196;1148;8644;15060;448;13912;0;0
Breast;TIVA C;Zeros;Unique;8196;1148;8612;14332;416;13184;0;0
Breast;TIVA C;Zeros;Zeros;8196;1148;8648;14612;452;13464;0;0
Breast;TIVA C;None;None;8196;1148;8576;12764;380;11616;0;0
Iris;TIVA C;Unique;Reduction;8196;1148;8552;1872;356;724;0;0
Iris;TIVA C;Zeros;Reduction;8196;1148;8576;2476;380;1328;0;0
Iris;TIVA C;Unique;Unique;8196;1148;8624;1752;428;604;0;0
Iris;TIVA C;Unique;Zeros;8196;1148;8688;1848;492;700;0;0
Iris;TIVA C;Zeros;Unique;8196;1148;8656;2348;460;1200;0;0
Iris;TIVA C;Zeros;Zeros;8196;1148;8704;2444;508;1296;0;0
Iris;TIVA C;None;None;8196;1148;8644;2268;448;1120;0;0
Wine;TIVA C;Unique;Reduction;8196;1148;8560;3600;364;2452;0;0
Wine;TIVA C;Zeros;Reduction;8196;1148;8576;4428;380;3280;0;0
Wine;TIVA C;Unique;Unique;8196;1148;8632;3568;436;2420;0;0
Wine;TIVA C;Unique;Zeros;8196;1148;8696;3568;500;2420;0;0
Wine;TIVA C;Zeros;Unique;8196;1148;8656;4388;460;3240;0;0
Wine;TIVA C;Zeros;Zeros;8196;1148;8704;4388;508;3240;0;0
Wine;TIVA C;None;None;8196;1148;8652;3996;456;2848;0;0
Pokemon;Arduino Mega;Unique;Reduction;5600;268;2298;8192;-3302;7924;0;8666
Pokemon;Arduino Mega;Zeros;Reduction;5600;268;35080;8192;29480;7924;0;20736
Pokemon;Arduino Mega;Unique;Unique;5600;268;19696;8192;14096;7924;0;4912
Pokemon;Arduino Mega;Unique;Zeros;5600;268;23012;8192;17412;7924;0;8288
Pokemon;Arduino Mega;Zeros;Unique;5600;268;31702;8192;26102;7924;0;16988
Pokemon;Arduino Mega;Zeros;Zeros;5600;268;35200;8192;29600;7924;0;20352
Pokemon;Arduino Mega;None;None;5600;268;32956;8192;27356;7924;0;18306
Digits;Arduino Mega;Unique;Reduction;5600;268;37996;8192;32396;7924;0;23884
Digits;Arduino Mega;Zeros;Reduction;5600;268;0;0;-5600;-268;0;0
Digits;Arduino Mega;Unique;Unique;5600;268;43286;8192;37686;7924;0;28812
Digits;Arduino Mega;Unique;Zeros;5600;268;38012;8192;32412;7924;0;23506
Digits;Arduino Mega;Zeros;Unique;5600;268;0;0;-5600;-268;0;0
Digits;Arduino Mega;Zeros;Zeros;5600;268;0;0;-5600;-268;0;0
Digits;Arduino Mega;None;None;5600;268;0;0;-5600;-268;0;0
Breast;Arduino Mega;Unique;Reduction;5600;268;14468;8192;8868;7924;0;426
Breast;Arduino Mega;Zeros;Reduction;5600;268;13620;7728;8020;7460;0;0
Breast;Arduino Mega;Unique;Unique;5600;268;14500;8192;8900;7924;0;276
Breast;Arduino Mega;Unique;Zeros;5600;268;14658;8192;9058;7924;0;418
Breast;Arduino Mega;Zeros;Unique;5600;268;13666;7584;8066;7316;0;0
Breast;Arduino Mega;Zeros;Zeros;5600;268;13804;7714;8204;7446;0;0
Breast;Arduino Mega;None;None;5600;268;11932;6056;6332;5788;0;0
Iris;Arduino Mega;Unique;Reduction;5600;268;6900;686;1300;418;0;0
Iris;Arduino Mega;Zeros;Reduction;5600;268;7188;996;1588;728;0;0
Iris;Arduino Mega;Unique;Unique;5600;268;7066;626;1466;358;0;0
Iris;Arduino Mega;Unique;Zeros;5600;268;7110;668;1510;400;0;0
Iris;Arduino Mega;Zeros;Unique;5600;268;7384;942;1784;674;0;0
Iris;Arduino Mega;Zeros;Zeros;5600;268;7404;972;1804;704;0;0
Iris;Arduino Mega;None;None;5600;268;7240;814;1640;546;0;0
Wine;Arduino Mega;Unique;Reduction;5600;268;7828;1650;2228;1382;0;0
Wine;Arduino Mega;Zeros;Reduction;5600;268;8228;2072;2628;1804;0;0
Wine;Arduino Mega;Unique;Unique;5600;268;8040;1636;2440;1368;0;0
Wine;Arduino Mega;Unique;Zeros;5600;268;8038;1632;2438;1364;0;0
Wine;Arduino Mega;Zeros;Unique;5600;268;8472;2066;2872;1798;0;0
Wine;Arduino Mega;Zeros;Zeros;5600;268;8444;2048;2844;1780;0;0
Wine;Arduino Mega;None;None;5600;268;8068;1678;2468;1410;0;0